nicho;nome;local;whatsapp;instagram;fonte;observacao;link_whatsapp;mensagem;status
petshop;Pet Shop Fazendinha;Sítio São João · Av. Val Paraíso, 1050;5585996376074;@petshopafazendinha;https://www.instagram.com/petshopafazendinha/;Também tem 85 98956-3447;https://wa.me/5585996376074?text=Oi%2C%20Pet%20Shop%20Fazendinha%21%20Tudo%20bem%3F%20Seus%20clientes%20poderiam%20marcar%20banho%2C%20tosa%20e%20consulta%20direto%20pelo%20site%2C%2024h.%20Vi%20que%20voc%C3%AAs%20ainda%20n%C3%A3o%20t%C3%AAm%20um%20site%20pr%C3%B3prio%2C%20s%C3%B3%20o%20perfil%20nas%20redes.%20Eu%20crio%20sites%20profissionais%20com%20agendamento%20online%20e%20bot%C3%A3o%20direto%20pro%20WhatsApp%20de%20voc%C3%AAs%2C%20pronto%20em%207%20dias%2C%20por%20R%24%20350%20%28pagamento%20%C3%BAnico%29.%20Te%20mandei%20aqui%20embaixo%20dois%20sites%20que%20fiz%20recentemente%20pra%20voc%C3%AA%20ver%20o%20padr%C3%A3o.%20Posso%20montar%20uma%20pr%C3%A9via%20com%20o%20nome%20e%20as%20fotos%20de%20voc%C3%AAs%2C%20sem%20compromisso%3F;Oi, Pet Shop Fazendinha! Tudo bem? Seus clientes poderiam marcar banho, tosa e consulta direto pelo site, 24h. Vi que vocês ainda não têm um site próprio, só o perfil nas redes. Eu crio sites profissionais com agendamento online e botão direto pro WhatsApp de vocês, pronto em 7 dias, por R$ 350 (pagamento único). Te mandei aqui embaixo dois sites que fiz recentemente pra você ver o padrão. Posso montar uma prévia com o nome e as fotos de vocês, sem compromisso?;a contatar
petshop;Clínica e PetShop Bicharada;Fortaleza;5585991071438;@petshopbicharada;https://www.instagram.com/petshopbicharada/;Fixo 85 3271-1625;https://wa.me/5585991071438?text=Oi%2C%20Cl%C3%ADnica%20e%20PetShop%20Bicharada%21%20Tudo%20bem%3F%20Seus%20clientes%20poderiam%20marcar%20banho%2C%20tosa%20e%20consulta%20direto%20pelo%20site%2C%2024h.%20Vi%20que%20voc%C3%AAs%20ainda%20n%C3%A3o%20t%C3%AAm%20um%20site%20pr%C3%B3prio%2C%20s%C3%B3%20o%20perfil%20nas%20redes.%20Eu%20crio%20sites%20profissionais%20com%20agendamento%20online%20e%20bot%C3%A3o%20direto%20pro%20WhatsApp%20de%20voc%C3%AAs%2C%20pronto%20em%207%20dias%2C%20por%20R%24%20350%20%28pagamento%20%C3%BAnico%29.%20Te%20mandei%20aqui%20embaixo%20dois%20sites%20que%20fiz%20recentemente%20pra%20voc%C3%AA%20ver%20o%20padr%C3%A3o.%20Posso%20montar%20uma%20pr%C3%A9via%20com%20o%20nome%20e%20as%20fotos%20de%20voc%C3%AAs%2C%20sem%20compromisso%3F;Oi, Clínica e PetShop Bicharada! Tudo bem? Seus clientes poderiam marcar banho, tosa e consulta direto pelo site, 24h. Vi que vocês ainda não têm um site próprio, só o perfil nas redes. Eu crio sites profissionais com agendamento online e botão direto pro WhatsApp de vocês, pronto em 7 dias, por R$ 350 (pagamento único). Te mandei aqui embaixo dois sites que fiz recentemente pra você ver o padrão. Posso montar uma prévia com o nome e as fotos de vocês, sem compromisso?;a contatar
petshop;Pet Shop Bicharada;Cidade dos Funcionários · Av. Oliveira Paiva, 1930;5585988678426;;https://petshoppertodemim.com/e/pet-shop-bicharada-aqisey/;Pode ser a mesma marca do lead acima — mande só para um;https://wa.me/5585988678426?text=Oi%2C%20Pet%20Shop%20Bicharada%21%20Tudo%20bem%3F%20Seus%20clientes%20poderiam%20marcar%20banho%2C%20tosa%20e%20consulta%20direto%20pelo%20site%2C%2024h.%20Vi%20que%20voc%C3%AAs%20ainda%20n%C3%A3o%20t%C3%AAm%20um%20site%20pr%C3%B3prio%2C%20s%C3%B3%20o%20perfil%20nas%20redes.%20Eu%20crio%20sites%20profissionais%20com%20agendamento%20online%20e%20bot%C3%A3o%20direto%20pro%20WhatsApp%20de%20voc%C3%AAs%2C%20pronto%20em%207%20dias%2C%20por%20R%24%20350%20%28pagamento%20%C3%BAnico%29.%20Te%20mandei%20aqui%20embaixo%20dois%20sites%20que%20fiz%20recentemente%20pra%20voc%C3%AA%20ver%20o%20padr%C3%A3o.%20Posso%20montar%20uma%20pr%C3%A9via%20com%20o%20nome%20e%20as%20fotos%20de%20voc%C3%AAs%2C%20sem%20compromisso%3F;Oi, Pet Shop Bicharada! Tudo bem? Seus clientes poderiam marcar banho, tosa e consulta direto pelo site, 24h. Vi que vocês ainda não têm um site próprio, só o perfil nas redes. Eu crio sites profissionais com agendamento online e botão direto pro WhatsApp de vocês, pronto em 7 dias, por R$ 350 (pagamento único). Te mandei aqui embaixo dois sites que fiz recentemente pra você ver o padrão. Posso montar uma prévia com o nome e as fotos de vocês, sem compromisso?;a contatar
petshop;My Pett;Pet shop móvel (atende em casa);5585986652242;@mypett;https://www.instagram.com/mypett/;;https://wa.me/5585986652242?text=Oi%2C%20My%20Pett%21%20Tudo%20bem%3F%20Seus%20clientes%20poderiam%20marcar%20banho%2C%20tosa%20e%20consulta%20direto%20pelo%20site%2C%2024h.%20Vi%20que%20voc%C3%AAs%20ainda%20n%C3%A3o%20t%C3%AAm%20um%20site%20pr%C3%B3prio%2C%20s%C3%B3%20o%20perfil%20nas%20redes.%20Eu%20crio%20sites%20profissionais%20com%20agendamento%20online%20e%20bot%C3%A3o%20direto%20pro%20WhatsApp%20de%20voc%C3%AAs%2C%20pronto%20em%207%20dias%2C%20por%20R%24%20350%20%28pagamento%20%C3%BAnico%29.%20Te%20mandei%20aqui%20embaixo%20dois%20sites%20que%20fiz%20recentemente%20pra%20voc%C3%AA%20ver%20o%20padr%C3%A3o.%20Posso%20montar%20uma%20pr%C3%A9via%20com%20o%20nome%20e%20as%20fotos%20de%20voc%C3%AAs%2C%20sem%20compromisso%3F;Oi, My Pett! Tudo bem? Seus clientes poderiam marcar banho, tosa e consulta direto pelo site, 24h. Vi que vocês ainda não têm um site próprio, só o perfil nas redes. Eu crio sites profissionais com agendamento online e botão direto pro WhatsApp de vocês, pronto em 7 dias, por R$ 350 (pagamento único). Te mandei aqui embaixo dois sites que fiz recentemente pra você ver o padrão. Posso montar uma prévia com o nome e as fotos de vocês, sem compromisso?;a contatar
petshop;Pet Pegada Banho e Tosa;Prefeito José Walter;5585998527714;;https://petshoppertodemim.com/e/pet-pegada-banho-e-tosa-bfzora/;Número de diretório — confirmar;https://wa.me/5585998527714?text=Oi%2C%20Pet%20Pegada%20Banho%20e%20Tosa%21%20Tudo%20bem%3F%20Seus%20clientes%20poderiam%20marcar%20banho%2C%20tosa%20e%20consulta%20direto%20pelo%20site%2C%2024h.%20Vi%20que%20voc%C3%AAs%20ainda%20n%C3%A3o%20t%C3%AAm%20um%20site%20pr%C3%B3prio%2C%20s%C3%B3%20o%20perfil%20nas%20redes.%20Eu%20crio%20sites%20profissionais%20com%20agendamento%20online%20e%20bot%C3%A3o%20direto%20pro%20WhatsApp%20de%20voc%C3%AAs%2C%20pronto%20em%207%20dias%2C%20por%20R%24%20350%20%28pagamento%20%C3%BAnico%29.%20Te%20mandei%20aqui%20embaixo%20dois%20sites%20que%20fiz%20recentemente%20pra%20voc%C3%AA%20ver%20o%20padr%C3%A3o.%20Posso%20montar%20uma%20pr%C3%A9via%20com%20o%20nome%20e%20as%20fotos%20de%20voc%C3%AAs%2C%20sem%20compromisso%3F;Oi, Pet Pegada Banho e Tosa! Tudo bem? Seus clientes poderiam marcar banho, tosa e consulta direto pelo site, 24h. Vi que vocês ainda não têm um site próprio, só o perfil nas redes. Eu crio sites profissionais com agendamento online e botão direto pro WhatsApp de vocês, pronto em 7 dias, por R$ 350 (pagamento único). Te mandei aqui embaixo dois sites que fiz recentemente pra você ver o padrão. Posso montar uma prévia com o nome e as fotos de vocês, sem compromisso?;a contatar
petshop;Pet Shop Mondubim;Mondubim · Rua 1, 1369;5585988779328;;https://petshoppertodemim.com/e/pet-shop-mondubim-aoxjjf/;;https://wa.me/5585988779328?text=Oi%2C%20Pet%20Shop%20Mondubim%21%20Tudo%20bem%3F%20Seus%20clientes%20poderiam%20marcar%20banho%2C%20tosa%20e%20consulta%20direto%20pelo%20site%2C%2024h.%20Vi%20que%20voc%C3%AAs%20ainda%20n%C3%A3o%20t%C3%AAm%20um%20site%20pr%C3%B3prio%2C%20s%C3%B3%20o%20perfil%20nas%20redes.%20Eu%20crio%20sites%20profissionais%20com%20agendamento%20online%20e%20bot%C3%A3o%20direto%20pro%20WhatsApp%20de%20voc%C3%AAs%2C%20pronto%20em%207%20dias%2C%20por%20R%24%20350%20%28pagamento%20%C3%BAnico%29.%20Te%20mandei%20aqui%20embaixo%20dois%20sites%20que%20fiz%20recentemente%20pra%20voc%C3%AA%20ver%20o%20padr%C3%A3o.%20Posso%20montar%20uma%20pr%C3%A9via%20com%20o%20nome%20e%20as%20fotos%20de%20voc%C3%AAs%2C%20sem%20compromisso%3F;Oi, Pet Shop Mondubim! Tudo bem? Seus clientes poderiam marcar banho, tosa e consulta direto pelo site, 24h. Vi que vocês ainda não têm um site próprio, só o perfil nas redes. Eu crio sites profissionais com agendamento online e botão direto pro WhatsApp de vocês, pronto em 7 dias, por R$ 350 (pagamento único). Te mandei aqui embaixo dois sites que fiz recentemente pra você ver o padrão. Posso montar uma prévia com o nome e as fotos de vocês, sem compromisso?;a contatar
petshop;Pet Shop Pit Bull Banho e Tosa;Rua 25, 155;5585986266685;;https://www.facebook.com/Betebanhoetosa/;Só Facebook;https://wa.me/5585986266685?text=Oi%2C%20Pet%20Shop%20Pit%20Bull%20Banho%20e%20Tosa%21%20Tudo%20bem%3F%20Seus%20clientes%20poderiam%20marcar%20banho%2C%20tosa%20e%20consulta%20direto%20pelo%20site%2C%2024h.%20Vi%20que%20voc%C3%AAs%20ainda%20n%C3%A3o%20t%C3%AAm%20um%20site%20pr%C3%B3prio%2C%20s%C3%B3%20o%20perfil%20nas%20redes.%20Eu%20crio%20sites%20profissionais%20com%20agendamento%20online%20e%20bot%C3%A3o%20direto%20pro%20WhatsApp%20de%20voc%C3%AAs%2C%20pronto%20em%207%20dias%2C%20por%20R%24%20350%20%28pagamento%20%C3%BAnico%29.%20Te%20mandei%20aqui%20embaixo%20dois%20sites%20que%20fiz%20recentemente%20pra%20voc%C3%AA%20ver%20o%20padr%C3%A3o.%20Posso%20montar%20uma%20pr%C3%A9via%20com%20o%20nome%20e%20as%20fotos%20de%20voc%C3%AAs%2C%20sem%20compromisso%3F;Oi, Pet Shop Pit Bull Banho e Tosa! Tudo bem? Seus clientes poderiam marcar banho, tosa e consulta direto pelo site, 24h. Vi que vocês ainda não têm um site próprio, só o perfil nas redes. Eu crio sites profissionais com agendamento online e botão direto pro WhatsApp de vocês, pronto em 7 dias, por R$ 350 (pagamento único). Te mandei aqui embaixo dois sites que fiz recentemente pra você ver o padrão. Posso montar uma prévia com o nome e as fotos de vocês, sem compromisso?;a contatar
petshop;Pet Shop Planeta Animal;Av. Dr. Silas Munguba, 1299;5585997358362;;https://www.facebook.com/planetaanimal.ce/;Só Facebook;https://wa.me/5585997358362?text=Oi%2C%20Pet%20Shop%20Planeta%20Animal%21%20Tudo%20bem%3F%20Seus%20clientes%20poderiam%20marcar%20banho%2C%20tosa%20e%20consulta%20direto%20pelo%20site%2C%2024h.%20Vi%20que%20voc%C3%AAs%20ainda%20n%C3%A3o%20t%C3%AAm%20um%20site%20pr%C3%B3prio%2C%20s%C3%B3%20o%20perfil%20nas%20redes.%20Eu%20crio%20sites%20profissionais%20com%20agendamento%20online%20e%20bot%C3%A3o%20direto%20pro%20WhatsApp%20de%20voc%C3%AAs%2C%20pronto%20em%207%20dias%2C%20por%20R%24%20350%20%28pagamento%20%C3%BAnico%29.%20Te%20mandei%20aqui%20embaixo%20dois%20sites%20que%20fiz%20recentemente%20pra%20voc%C3%AA%20ver%20o%20padr%C3%A3o.%20Posso%20montar%20uma%20pr%C3%A9via%20com%20o%20nome%20e%20as%20fotos%20de%20voc%C3%AAs%2C%20sem%20compromisso%3F;Oi, Pet Shop Planeta Animal! Tudo bem? Seus clientes poderiam marcar banho, tosa e consulta direto pelo site, 24h. Vi que vocês ainda não têm um site próprio, só o perfil nas redes. Eu crio sites profissionais com agendamento online e botão direto pro WhatsApp de vocês, pronto em 7 dias, por R$ 350 (pagamento único). Te mandei aqui embaixo dois sites que fiz recentemente pra você ver o padrão. Posso montar uma prévia com o nome e as fotos de vocês, sem compromisso?;a contatar
petshop;Pet Center Vira Lata;Montese · Av. Alberto Magno, 190;5585986065088;;https://sites.google.com/view/petcenterviralata/home;Tem só página gratuita do Google Sites — vender como upgrade;https://wa.me/5585986065088?text=Oi%2C%20Pet%20Center%20Vira%20Lata%21%20Tudo%20bem%3F%20Seus%20clientes%20poderiam%20marcar%20banho%2C%20tosa%20e%20consulta%20direto%20pelo%20site%2C%2024h.%20Vi%20que%20voc%C3%AAs%20ainda%20n%C3%A3o%20t%C3%AAm%20um%20site%20pr%C3%B3prio%2C%20s%C3%B3%20o%20perfil%20nas%20redes.%20Eu%20crio%20sites%20profissionais%20com%20agendamento%20online%20e%20bot%C3%A3o%20direto%20pro%20WhatsApp%20de%20voc%C3%AAs%2C%20pronto%20em%207%20dias%2C%20por%20R%24%20350%20%28pagamento%20%C3%BAnico%29.%20Te%20mandei%20aqui%20embaixo%20dois%20sites%20que%20fiz%20recentemente%20pra%20voc%C3%AA%20ver%20o%20padr%C3%A3o.%20Posso%20montar%20uma%20pr%C3%A9via%20com%20o%20nome%20e%20as%20fotos%20de%20voc%C3%AAs%2C%20sem%20compromisso%3F;Oi, Pet Center Vira Lata! Tudo bem? Seus clientes poderiam marcar banho, tosa e consulta direto pelo site, 24h. Vi que vocês ainda não têm um site próprio, só o perfil nas redes. Eu crio sites profissionais com agendamento online e botão direto pro WhatsApp de vocês, pronto em 7 dias, por R$ 350 (pagamento único). Te mandei aqui embaixo dois sites que fiz recentemente pra você ver o padrão. Posso montar uma prévia com o nome e as fotos de vocês, sem compromisso?;a contatar
petshop;Pet Veras;Parangaba · Shopping Redmall;;@petveras_;https://www.instagram.com/petveras_/;Sem número público — mandar DM no Instagram;;Oi, Pet Veras! Tudo bem? Seus clientes poderiam marcar banho, tosa e consulta direto pelo site, 24h. Vi que vocês ainda não têm um site próprio, só o perfil nas redes. Eu crio sites profissionais com agendamento online e botão direto pro WhatsApp de vocês, pronto em 7 dias, por R$ 350 (pagamento único). Te mandei aqui embaixo dois sites que fiz recentemente pra você ver o padrão. Posso montar uma prévia com o nome e as fotos de vocês, sem compromisso?;a contatar
petshop;Clubinho Pet;Av. Carapinima, 2200;;@clubinhopet01;https://www.instagram.com/clubinhopet01/;Sem número público — mandar DM no Instagram;;Oi, Clubinho Pet! Tudo bem? Seus clientes poderiam marcar banho, tosa e consulta direto pelo site, 24h. Vi que vocês ainda não têm um site próprio, só o perfil nas redes. Eu crio sites profissionais com agendamento online e botão direto pro WhatsApp de vocês, pronto em 7 dias, por R$ 350 (pagamento único). Te mandei aqui embaixo dois sites que fiz recentemente pra você ver o padrão. Posso montar uma prévia com o nome e as fotos de vocês, sem compromisso?;a contatar
fisio;Clínica CostaPorto;Aldeota · Av. Des. Moreira, 1300, sala 420;5585997502773;@clinicareabilitacaocostaporto;https://www.instagram.com/clinicareabilitacaocostaporto/;;https://wa.me/5585997502773?text=Oi%2C%20Cl%C3%ADnica%20CostaPorto%21%20Tudo%20bem%3F%20Seus%20pacientes%20poderiam%20agendar%20avalia%C3%A7%C3%A3o%20e%20sess%C3%B5es%20direto%20pelo%20site%2C%2024h.%20Vi%20que%20voc%C3%AAs%20ainda%20n%C3%A3o%20t%C3%AAm%20um%20site%20pr%C3%B3prio%2C%20s%C3%B3%20o%20perfil%20nas%20redes.%20Eu%20crio%20sites%20profissionais%20com%20agendamento%20online%20e%20bot%C3%A3o%20direto%20pro%20WhatsApp%20de%20voc%C3%AAs%2C%20pronto%20em%207%20dias%2C%20por%20R%24%20350%20%28pagamento%20%C3%BAnico%29.%20Te%20mandei%20aqui%20embaixo%20dois%20sites%20que%20fiz%20recentemente%20pra%20voc%C3%AA%20ver%20o%20padr%C3%A3o.%20Posso%20montar%20uma%20pr%C3%A9via%20com%20o%20nome%20e%20as%20fotos%20de%20voc%C3%AAs%2C%20sem%20compromisso%3F;Oi, Clínica CostaPorto! Tudo bem? Seus pacientes poderiam agendar avaliação e sessões direto pelo site, 24h. Vi que vocês ainda não têm um site próprio, só o perfil nas redes. Eu crio sites profissionais com agendamento online e botão direto pro WhatsApp de vocês, pronto em 7 dias, por R$ 350 (pagamento único). Te mandei aqui embaixo dois sites que fiz recentemente pra você ver o padrão. Posso montar uma prévia com o nome e as fotos de vocês, sem compromisso?;a contatar
fisio;Fisioclin Messejana;Messejana · Rua Angélica Gurgel, 226;5585994118007;@fisioclinmessejana;https://www.instagram.com/fisioclinmessejana/;Bio informa WhatsApp 99411-8007;https://wa.me/5585994118007?text=Oi%2C%20Fisioclin%20Messejana%21%20Tudo%20bem%3F%20Seus%20pacientes%20poderiam%20agendar%20avalia%C3%A7%C3%A3o%20e%20sess%C3%B5es%20direto%20pelo%20site%2C%2024h.%20Vi%20que%20voc%C3%AAs%20ainda%20n%C3%A3o%20t%C3%AAm%20um%20site%20pr%C3%B3prio%2C%20s%C3%B3%20o%20perfil%20nas%20redes.%20Eu%20crio%20sites%20profissionais%20com%20agendamento%20online%20e%20bot%C3%A3o%20direto%20pro%20WhatsApp%20de%20voc%C3%AAs%2C%20pronto%20em%207%20dias%2C%20por%20R%24%20350%20%28pagamento%20%C3%BAnico%29.%20Te%20mandei%20aqui%20embaixo%20dois%20sites%20que%20fiz%20recentemente%20pra%20voc%C3%AA%20ver%20o%20padr%C3%A3o.%20Posso%20montar%20uma%20pr%C3%A9via%20com%20o%20nome%20e%20as%20fotos%20de%20voc%C3%AAs%2C%20sem%20compromisso%3F;Oi, Fisioclin Messejana! Tudo bem? Seus pacientes poderiam agendar avaliação e sessões direto pelo site, 24h. Vi que vocês ainda não têm um site próprio, só o perfil nas redes. Eu crio sites profissionais com agendamento online e botão direto pro WhatsApp de vocês, pronto em 7 dias, por R$ 350 (pagamento único). Te mandei aqui embaixo dois sites que fiz recentemente pra você ver o padrão. Posso montar uma prévia com o nome e as fotos de vocês, sem compromisso?;a contatar
fisio;SoulFisio – Studio de Pilates;Messejana · Rua Capanema, 239;5585997188859;@studiosoulfisio;https://www.instagram.com/studiosoulfisio/;;https://wa.me/5585997188859?text=Oi%2C%20SoulFisio%20%E2%80%93%20Studio%20de%20Pilates%21%20Tudo%20bem%3F%20Seus%20pacientes%20poderiam%20agendar%20avalia%C3%A7%C3%A3o%20e%20sess%C3%B5es%20direto%20pelo%20site%2C%2024h.%20Vi%20que%20voc%C3%AAs%20ainda%20n%C3%A3o%20t%C3%AAm%20um%20site%20pr%C3%B3prio%2C%20s%C3%B3%20o%20perfil%20nas%20redes.%20Eu%20crio%20sites%20profissionais%20com%20agendamento%20online%20e%20bot%C3%A3o%20direto%20pro%20WhatsApp%20de%20voc%C3%AAs%2C%20pronto%20em%207%20dias%2C%20por%20R%24%20350%20%28pagamento%20%C3%BAnico%29.%20Te%20mandei%20aqui%20embaixo%20dois%20sites%20que%20fiz%20recentemente%20pra%20voc%C3%AA%20ver%20o%20padr%C3%A3o.%20Posso%20montar%20uma%20pr%C3%A9via%20com%20o%20nome%20e%20as%20fotos%20de%20voc%C3%AAs%2C%20sem%20compromisso%3F;Oi, SoulFisio – Studio de Pilates! Tudo bem? Seus pacientes poderiam agendar avaliação e sessões direto pelo site, 24h. Vi que vocês ainda não têm um site próprio, só o perfil nas redes. Eu crio sites profissionais com agendamento online e botão direto pro WhatsApp de vocês, pronto em 7 dias, por R$ 350 (pagamento único). Te mandei aqui embaixo dois sites que fiz recentemente pra você ver o padrão. Posso montar uma prévia com o nome e as fotos de vocês, sem compromisso?;a contatar
fisio;Studio de Pilates Vanessa Pires;Fortaleza;;@fisioterapeutavanessapires;https://www.instagram.com/fisioterapeutavanessapires/;WhatsApp está no link da bio — abrir o perfil;;Oi, Studio de Pilates Vanessa Pires! Tudo bem? Seus pacientes poderiam agendar avaliação e sessões direto pelo site, 24h. Vi que vocês ainda não têm um site próprio, só o perfil nas redes. Eu crio sites profissionais com agendamento online e botão direto pro WhatsApp de vocês, pronto em 7 dias, por R$ 350 (pagamento único). Te mandei aqui embaixo dois sites que fiz recentemente pra você ver o padrão. Posso montar uma prévia com o nome e as fotos de vocês, sem compromisso?;a contatar
fisio;Viva Saúde Pilates;Messejana;;@vivasaudefisiopilates;https://www.instagram.com/vivasaudefisiopilates/;Sem número público — DM no Instagram;;Oi, Viva Saúde Pilates! Tudo bem? Seus pacientes poderiam agendar avaliação e sessões direto pelo site, 24h. Vi que vocês ainda não têm um site próprio, só o perfil nas redes. Eu crio sites profissionais com agendamento online e botão direto pro WhatsApp de vocês, pronto em 7 dias, por R$ 350 (pagamento único). Te mandei aqui embaixo dois sites que fiz recentemente pra você ver o padrão. Posso montar uma prévia com o nome e as fotos de vocês, sem compromisso?;a contatar
fisio;Multiclínica Fortaleza;Parangaba · Rua Guaratinguetá, 60;;@multiclinicafortaleza;https://www.instagram.com/multiclinicafortaleza/;WhatsApp do diretor técnico na bio;;Oi, Multiclínica Fortaleza! Tudo bem? Seus pacientes poderiam agendar avaliação e sessões direto pelo site, 24h. Vi que vocês ainda não têm um site próprio, só o perfil nas redes. Eu crio sites profissionais com agendamento online e botão direto pro WhatsApp de vocês, pronto em 7 dias, por R$ 350 (pagamento único). Te mandei aqui embaixo dois sites que fiz recentemente pra você ver o padrão. Posso montar uma prévia com o nome e as fotos de vocês, sem compromisso?;a contatar
fisio;Clínica Intorce;Fortaleza;;@clinicaintorce;https://www.instagram.com/clinicaintorce/;Só fixo 85 3023-6393 — ligar ou DM;;Oi, Clínica Intorce! Tudo bem? Seus pacientes poderiam agendar avaliação e sessões direto pelo site, 24h. Vi que vocês ainda não têm um site próprio, só o perfil nas redes. Eu crio sites profissionais com agendamento online e botão direto pro WhatsApp de vocês, pronto em 7 dias, por R$ 350 (pagamento único). Te mandei aqui embaixo dois sites que fiz recentemente pra você ver o padrão. Posso montar uma prévia com o nome e as fotos de vocês, sem compromisso?;a contatar
fisio;ITD – Instituto de Tratamento da Dor;Dionísio Torres · R. Henriqueta Galeno, 521;;@itd_brasil;https://www.instagram.com/itd_brasil/;Sem número público — DM no Instagram;;Oi, ITD – Instituto de Tratamento da Dor! Tudo bem? Seus pacientes poderiam agendar avaliação e sessões direto pelo site, 24h. Vi que vocês ainda não têm um site próprio, só o perfil nas redes. Eu crio sites profissionais com agendamento online e botão direto pro WhatsApp de vocês, pronto em 7 dias, por R$ 350 (pagamento único). Te mandei aqui embaixo dois sites que fiz recentemente pra você ver o padrão. Posso montar uma prévia com o nome e as fotos de vocês, sem compromisso?;a contatar
